レース数, 予想順位,実際の順位,単勝,複勝,2連単,2連複,拡連複,3連単,3連複
19121764,1-2-3,1-3-4,0,0,-100,-100,-100,-100,-100
19122156,1-2-3,1-3-4,30,20,-100,-100,-100,-100,-100
191231120,1-2-3,1-2-4,30,0,140,60,20,-100,-100
19121762,1-2-4,1-4-3,30,20,-100,-100,-100,-100,-100
191231118,1-2-3,2-1-4,-100,70,-100,160,60,-100,-100
19121768,1-2-3,1-4-6,0,0,-100,-100,-100,-100,-100
19122259,1-2-3,3-6-4,-100,-100,-100,-100,-100,-100,-100
19121763,1-2-3,1-2-5,20,0,240,170,80,-100,-100
19121772,1-2-3,3-5-2,-100,-100,-100,-100,-100,-100,-100
19121988,1-2-3,1-6-3,20,0,-100,-100,-100,-100,-100
191228113,1-2-3,1-5-2,0,0,-100,-100,110,-100,-100
191228116,1-2-3,4-1-2,-100,0,-100,-100,50,-100,-100
191230110,1-2-3,3-4-2,-100,-100,-100,-100,-100,-100,-100
19121994,1-2-3,1-4-6,0,10,-100,-100,-100,-100,-100
191228117,1-2-3,6-3-4,-100,-100,-100,-100,-100,-100,-100
191230116,1-2-3,1-2-4,60,90,220,220,80,-100,-100
191229126,1-2-3,1-3-2,60,30,-100,-100,30,-100,110
191231109,2-1-4,1-2-3,-100,40,-100,180,90,-100,-100
191229124,1-2-4,2-1-5,-100,0,-100,60,0,-100,-100
19122150,2-1-3,1-6-2,-100,-100,-100,-100,50,-100,-100
19122157,2-1-3,1-5-2,-100,-100,-100,-100,90,-100,-100
19122072,1-2-3,1-3-4,0,0,-100,-100,-100,-100,-100
19122249,1-2-4,3-1-4,-100,0,-100,-100,-100,-100,-100
19122253,1-2-3,1-4-3,60,0,-100,-100,-100,-100,-100
191228109,1-2-3,4-1-6,-100,0,-100,-100,-100,-100,-100
191231117,1-2-3,1-2-4,30,0,100,50,0,-100,-100
19121985,1-2-3,1-5-3,10,0,-100,-100,-100,-100,-100
19122160,1-2-3,4-5-1,-100,-100,-100,-100,-100,-100,-100
19121864,1-2-4,4-6-1,-100,-100,-100,-100,-100,-100,-100
19122256,1-2-4,1-4-3,0,10,-100,-100,-100,-100,-100
19122064,1-2-3,4-1-3,-100,10,-100,-100,-100,-100,-100
19122061,1-2-3,1-2-3,0,0,190,160,40,890,350
19122152,1-2-3,1-3-4,40,0,-100,-100,-100,-100,-100
19121767,1-2-3,1-3-2,40,0,-100,-100,40,-100,220
191201119,2-1-3,1-3-2,-100,-100,-100,-100,150,-100,350
19121761,1-2-3,1-4-5,20,0,-100,-100,-100,-100,-100
19122250,1-2-3,5-1-3,-100,10,-100,-100,-100,-100,-100
191201110,1-2-3,1-2-4,10,0,150,110,40,-100,-100
19122255,1-2-3,1-4-5,30,10,-100,-100,-100,-100,-100
191228111,1-2-3,1-3-5,180,40,-100,-100,-100,-100,-100
191229132,1-2-3,1-4-2,30,0,-100,-100,10,-100,-100
191231110,1-2-3,1-4-2,140,40,-100,-100,190,-100,-100
191228119,1-2-3,1-3-4,10,0,-100,-100,-100,-100,-100
19122149,1-2-3,1-2-4,10,0,260,230,60,-100,-100
19121990,1-2-3,1-6-4,100,10,-100,-100,-100,-100,-100
191201112,1-2-3,1-5-4,80,80,-100,-100,-100,-100,-100
19121863,1-2-3,2-1-4,-100,50,-100,130,40,-100,-100
191231115,1-2-3,5-1-3,-100,30,-100,-100,-100,-100,-100
19121869,1-3-2,1-2-3,20,10,-100,-100,220,-100,680
191228118,1-2-3,4-2-1,-100,-100,-100,-100,150,-100,-100
19121872,1-2-3,1-2-4,60,10,270,120,100,-100,-100
191201115,1-2-3,1-2-3,110,50,230,160,20,440,50
19122153,1-2-3,1-2-6,20,0,140,70,60,-100,-100
191201114,1-2-3,1-3-2,90,20,-100,-100,10,-100,60
191231113,1-2-3,1-4-6,10,0,-100,-100,-100,-100,-100
19121770,1-2-4,1-5-2,0,0,-100,-100,150,-100,-100
191230120,1-2-3,1-2-4,20,0,130,80,20,-100,-100
191230112,1-2-3,3-4-2,-100,-100,-100,-100,-100,-100,-100
19121995,1-2-3,1-4-2,20,10,-100,-100,20,-100,-100
19122063,1-2-3,2-1-3,-100,50,-100,200,90,-100,1520
191228114,1-2-3,1-2-3,50,0,260,310,60,1320,720
191229128,1-2-3,1-5-6,20,30,-100,-100,-100,-100,-100
19121865,1-2-3,1-3-5,10,0,-100,-100,-100,-100,-100
191228112,1-2-3,3-1-6,-100,10,-100,-100,-100,-100,-100
191228115,1-2-3,1-2-4,10,10,70,150,40,-100,-100
191229127,1-2-3,1-4-6,10,0,-100,-100,-100,-100,-100
191229130,1-2-3,1-3-2,20,0,-100,-100,20,-100,190
19122071,1-2-4,1-4-3,0,0,-100,-100,-100,-100,-100
191201109,1-2-3,4-3-1,-100,-100,-100,-100,-100,-100,-100
19122254,1-2-3,1-6-2,0,0,-100,-100,80,-100,-100
19122067,2-1-3,4-1-5,-100,-100,-100,-100,-100,-100,-100
19121987,1-2-3,1-2-4,10,0,400,320,110,-100,-100
19122258,1-2-3,1-3-5,0,30,-100,-100,-100,-100,-100
191230118,1-2-3,1-2-4,0,0,100,40,30,-100,-100
19121765,1-2-3,1-3-5,20,10,-100,-100,-100,-100,-100
19121866,1-2-3,1-3-4,30,10,-100,-100,-100,-100,-100
19121993,1-2-3,1-2-4,30,0,220,160,50,-100,-100
19121996,1-2-3,1-3-5,20,10,-100,-100,-100,-100,-100
191201117,1-2-3,3-2-5,-100,-100,-100,-100,-100,-100,-100
191230119,1-2-3,3-1-4,-100,20,-100,-100,-100,-100,-100
191231111,1-2-3,6-4-2,-100,-100,-100,-100,-100,-100,-100
19121986,1-2-3,1-3-6,30,30,-100,-100,-100,-100,-100
19121871,1-2-3,1-4-5,20,10,-100,-100,-100,-100,-100
191201113,1-2-3,4-2-1,-100,-100,-100,-100,70,-100,-100
191230115,1-2-3,6-2-3,-100,-100,-100,-100,-100,-100,-100
191231116,1-2-3,1-2-5,120,80,410,150,30,-100,-100
19121989,1-2-3,3-1-2,-100,0,-100,-100,40,-100,120
191231112,1-2-3,2-1-6,-100,100,-100,480,270,-100,-100
191231119,1-2-3,1-2-4,50,0,100,50,10,-100,-100
19121868,1-2-3,4-2-3,-100,-100,-100,-100,-100,-100,-100
191229129,1-2-3,3-4-6,-100,-100,-100,-100,-100,-100,-100
19122062,1-2-3,1-5-3,90,60,-100,-100,-100,-100,-100
191229122,1-2-3,5-4-1,-100,-100,-100,-100,-100,-100,-100
19121769,1-2-3,1-2-6,20,0,250,200,90,-100,-100
191230117,1-2-3,3-2-1,-100,-100,-100,-100,50,-100,170
191201116,1-2-3,1-2-3,0,0,80,40,0,260,100
19121870,2-1-3,1-5-3,-100,-100,-100,-100,-100,-100,-100
19122155,1-2-3,1-3-2,40,0,-100,-100,70,-100,340
191229125,1-2-3,1-3-5,0,0,-100,-100,-100,-100,-100
191228110,1-2-3,1-5-2,80,0,-100,-100,110,-100,-100
19122154,1-2-3,1-2-4,30,20,200,130,60,-100,-100
191230113,1-2-3,1-2-3,10,0,290,220,110,1290,720
191201111,1-2-3,4-5-3,-100,-100,-100,-100,-100,-100,-100
19122070,1-2-3,1-2-5,10,10,180,100,50,-100,-100
191229123,1-2-3,2-1-6,-100,0,-100,20,10,-100,-100
191228120,1-2-3,1-3-2,10,30,-100,-100,80,-100,300
191230109,1-2-3,1-3-6,90,210,-100,-100,-100,-100,-100
19122159,1-2-3,1-3-4,20,10,-100,-100,-100,-100,-100
19122066,1-2-3,1-6-5,30,30,-100,-100,-100,-100,-100
191231114,1-2-3,2-1-4,-100,40,-100,250,110,-100,-100
19122252,2-1-3,1-3-2,-100,-100,-100,-100,120,-100,380
19121766,1-2-3,1-4-5,30,10,-100,-100,-100,-100,-100
19122257,1-2-3,1-5-6,20,30,-100,-100,-100,-100,-100
19122151,1-2-3,3-2-5,-100,-100,-100,-100,-100,-100,-100
19121861,1-2-3,1-3-2,50,0,-100,-100,10,-100,160
191229121,1-2-3,2-1-5,-100,0,-100,280,180,-100,-100
191201118,1-2-3,1-3-4,80,130,-100,-100,-100,-100,-100
19121992,1-2-3,2-1-6,-100,30,-100,150,70,-100,-100
191229131,1-2-4,1-2-5,60,0,130,60,60,-100,-100
19121867,1-2-3,2-1-3,-100,0,-100,170,70,-100,550
191230111,1-2-5,1-2-5,250,40,240,150,0,660,200
19122068,1-2-3,1-2-6,40,0,320,230,60,-100,-100
191230114,1-2-3,2-6-4,-100,-100,-100,-100,-100,-100,-100
191201120,1-2-3,1-3-4,20,10,-100,-100,-100,-100,-100
19122065,1-2-3,1-3-4,40,10,-100,-100,-100,-100,-100
19122069,2-1-3,1-3-4,-100,-100,-100,-100,-100,-100,-100
19122158,1-2-3,5-1-2,-100,70,-100,-100,90,-100,-100
19121862,1-2-3,2-5-1,-100,-100,-100,-100,90,-100,-100
19121991,1-2-3,1-4-3,0,30,-100,-100,-100,-100,-100
19122251,1-2-3,1-2-4,40,0,140,100,30,-100,-100
19122260,1-2-3,1-2-4,20,0,180,140,40,-100,-100
19121771,1-2-3,6-1-4,-100,10,-100,-100,-100,-100,-100
総レース数, 単勝, 複勝, 2連単, 2連複, 拡連複, 3連単, 3連複, 合計
132,-2080,-950,-4760,-3240,-2260,-7740,-3910,-24940
